{"cameraMode":{"drawMode":0,"name":"Shaded","section":"Shading Mode"},"sceneLighting":false,"audioPlay":false,"sceneViewState":{"showFog":true,"showMaterialUpdate":false,"showSkybox":true,"showFlares":true,"showImageEffects":true,"showParticleSystems":true},"in2DMode":false,"pivot":{"x":7.489830017089844,"y":-2.9575719833374025,"z":1.0482639074325562},"rotation":{"x":0.1560354381799698,"y":0.3044905662536621,"z":-0.050411660224199298,"w":0.9383678436279297},"size":16.72477912902832,"orthographic":false}