{"cameraMode":{"drawMode":0,"name":"Shaded","section":"Shading Mode"},"sceneLighting":false,"audioPlay":false,"sceneViewState":{"showFog":true,"showMaterialUpdate":false,"showSkybox":true,"showFlares":true,"showImageEffects":true,"showParticleSystems":true},"in2DMode":false,"pivot":{"x":0.007812559604644776,"y":0.34375,"z":0.0234375},"rotation":{"x":0.054556820541620257,"y":0.03440411388874054,"z":-0.0017663877224549652,"w":0.9979714155197144},"size":1.7601250410079957,"orthographic":false}